iter	Logloss
0	0.3438544122
1	0.2597734449
2	0.2332335343
3	0.2202895445
4	0.2088279733
